canal,ruim,rms,std,kurt,motivo,fonte
1,False,1236.6166958388426,1236.6161913739195,4.763024918404762,,
2,True,0.0,0.0,,Canal morto (RMS=0.000 µV < 1 µV) | Variância nula (std=0.000 µV < 0.5 µV),auto
3,True,105.2594279358108,105.25942778635815,232.32882276669005,Saturação/artefato extremo (kurtosis=232.3 > 50),auto
4,True,102.88136055704287,102.8813593339356,259.8272131304482,Saturação/artefato extremo (kurtosis=259.8 > 50),auto
5,True,103.1159239231104,103.11592296802402,226.59670126160762,Saturação/artefato extremo (kurtosis=226.6 > 50),auto
6,True,104.79579570789114,104.79579469057641,249.93639022820773,Saturação/artefato extremo (kurtosis=249.9 > 50),auto
7,True,103.5750526867278,103.57503080932977,226.95129336428963,Saturação/artefato extremo (kurtosis=227.0 > 50),auto
8,True,103.69912466763051,103.69912206432899,234.88961455732053,Saturação/artefato extremo (kurtosis=234.9 > 50),auto
9,False,273.45175611809475,273.45175221292044,5.904270685892389,,
10,False,301.51119602126613,301.51118519623606,3.9339543466572344,,
11,False,370.4044937124359,370.40448167202527,1.3620168465060667,,
12,False,306.5807832225674,306.58077545193606,2.0352360053983176,,
13,True,154.22712891423296,154.22712091818357,71.36666172302705,Saturação/artefato extremo (kurtosis=71.4 > 50),auto
14,False,1559.619184592664,1559.6191845854967,2.5608249074276133,,
15,False,155.13065780062908,155.1306539487167,35.02416188066534,,
16,False,169.13945019770898,169.13944314644138,40.21996677930084,,
