canal,ruim,rms,std,kurt,motivo,fonte
1,False,114.50113418900398,114.50106263034193,-0.2700446868230517,,
2,False,101.63475305441717,101.63467285422516,-0.254011309946482,,
3,True,47.92852576987605,47.928519382223854,54.27729755338758,Saturação/artefato extremo (kurtosis=54.3 > 50),auto
4,True,150.02403116539017,150.0240273598282,701.5453921366408,Saturação/artefato extremo (kurtosis=701.5 > 50),auto
5,True,164.2673337529365,164.26733213649078,586.0152680894829,Saturação/artefato extremo (kurtosis=586.0 > 50),auto
6,False,41.62997923526163,41.6299760508181,1.4458682275772174,,
7,False,41.746307301155746,41.746302980963335,1.2609595485313312,,
8,True,0.0,0.0,,Canal morto (RMS=0.000 µV < 1 µV) | Variância nula (std=0.000 µV < 0.5 µV),auto
9,False,109.26636688768144,109.26626860071708,-0.3155877387791284,,
10,False,111.48378976381248,111.48370637037812,-0.3239184595302991,,
11,False,118.03422258378679,118.03411962916539,-0.3417838160125064,,
12,False,131.17382956216872,131.17373201029474,-0.2943953266349131,,
13,True,0.0,0.0,,Canal morto (RMS=0.000 µV < 1 µV) | Variância nula (std=0.000 µV < 0.5 µV),auto
14,False,91.1092495796499,91.10921376059251,-0.227784351343161,,
15,False,119.43136385386151,119.43127708453058,-0.29353493192208857,,
16,False,110.75742412966412,110.75731963746452,-0.28489609786078285,,
