canal,ruim,rms,std,kurt,motivo,fonte
1,False,120.1508688441572,120.15086714759003,-0.3374611922530626,,
2,False,107.98278730249604,107.98278588180058,-0.3075286450265411,,
3,False,45.23579209142687,45.235788174527194,4.3090525902174495,,
4,False,45.32112836611872,45.32112626353352,4.224273585433469,,
5,True,129.9546728856945,129.95467040562534,924.4931184262581,Saturação/artefato extremo (kurtosis=924.5 > 50),auto
6,False,45.52038108264895,45.52037767558767,4.12084656861161,,
7,False,45.53298970622479,45.53298821935927,3.0539775246596843,,
8,True,0.0,0.0,,Canal morto (RMS=0.000 µV < 1 µV) | Variância nula (std=0.000 µV < 0.5 µV),auto
9,False,117.29761997714608,117.2976186915161,-0.4406874376763046,,
10,False,119.5421153945516,119.54211282804562,-0.45318837762262776,,
11,False,126.88661276514458,126.88660849865717,-0.47638521632851116,,
12,False,141.72516617256358,141.72516616361366,-0.2894884968208684,,
13,True,0.0,0.0,,Canal morto (RMS=0.000 µV < 1 µV) | Variância nula (std=0.000 µV < 0.5 µV),auto
14,True,127.48479436071923,127.48479350011206,301.3035655981448,Saturação/artefato extremo (kurtosis=301.3 > 50),auto
15,True,151.22243339424762,151.22242365129193,165.0630200422382,Saturação/artefato extremo (kurtosis=165.1 > 50),auto
16,False,117.59388119485396,117.59387756741029,-0.35838880036555,,
